<?xml version="1.0" encoding="UTF-8"?>
<gfc:FC_FeatureCatalogue xmlns:xlink="http://www.w3.org/1999/xlink"
                         xmlns:gmd="http://www.isotc211.org/2005/gmd"
                         xmlns:gco="http://www.isotc211.org/2005/gco"
                         xmlns:gml="http://www.opengis.net/gml/3.2"
                         xmlns:xsi="http://www.w3.org/2001/XMLSchema-instance"
                         xmlns:gmi="http://www.isotc211.org/2005/gmi"
                         xmlns:gmx="http://www.isotc211.org/2005/gmx"
                         xmlns:gfc="http://www.isotc211.org/2005/gfc">
   <gmx:name>
      <gco:CharacterString/>
   </gmx:name>
   <gmx:scope>
      <gco:CharacterString/>
   </gmx:scope>
   <gmx:versionNumber>
      <gco:CharacterString>2021</gco:CharacterString>
   </gmx:versionNumber>
   <gmx:versionDate>
      <gco:Date>20210523</gco:Date>
   </gmx:versionDate>
   <gmx:language>
      <gco:CharacterString>eng</gco:CharacterString>
   </gmx:language>
   <gmx:characterSet>
      <gmd:MD_CharacterSetCode codeList="http://www.isotc211.org/2005/resources/Codelist/gmxCodelists.xml#MD_CharacterSetCode"
                               codeListValue="UTF-8">UTF-8</gmd:MD_CharacterSetCode>
   </gmx:characterSet>
   <gfc:producer>
      <gmd:CI_ResponsibleParty>
         <gmd:organisationName>
            <gco:CharacterString>U.S. Department of Commerce, U.S. Census Bureau, Geography Division, Spatial Data Collection and Products Branch</gco:CharacterString>
         </gmd:organisationName>
         <gmd:contactInfo>
            <gmd:CI_Contact>
               <gmd:phone>
                  <gmd:CI_Telephone>
                     <gmd:voice>
                        <gco:CharacterString>301-763-1128</gco:CharacterString>
                     </gmd:voice>
                     <gmd:facsimile>
                        <gco:CharacterString>301-763-4710</gco:CharacterString>
                     </gmd:facsimile>
                  </gmd:CI_Telephone>
               </gmd:phone>
               <gmd:address>
                  <gmd:CI_Address>
                     <gmd:deliveryPoint>
                        <gco:CharacterString>4600 Silver Hill Road, Stop 7400</gco:CharacterString>
                     </gmd:deliveryPoint>
                     <gmd:city>
                        <gco:CharacterString>Washington</gco:CharacterString>
                     </gmd:city>
                     <gmd:administrativeArea>
                        <gco:CharacterString>DC</gco:CharacterString>
                     </gmd:administrativeArea>
                     <gmd:postalCode>
                        <gco:CharacterString>20233-7400</gco:CharacterString>
                     </gmd:postalCode>
                     <gmd:country>
                        <gco:CharacterString>United States</gco:CharacterString>
                     </gmd:country>
                     <gmd:electronicMailAddress>
                        <gco:CharacterString>geo.geography@census.gov</gco:CharacterString>
                     </gmd:electronicMailAddress>
                  </gmd:CI_Address>
               </gmd:address>
            </gmd:CI_Contact>
         </gmd:contactInfo>
         <gmd:role>
            <gmd:CI_RoleCode codeList="http://www.isotc211.org/2005/resources/Codelist/gmxCodelists.xml#CI_RoleCode"
                             codeListValue="custodian">custodian
                </gmd:CI_RoleCode>
         </gmd:role>
      </gmd:CI_ResponsibleParty>
   </gfc:producer>
   <gfc:featureType>
      <gfc:FC_FeatureType>
         <gfc:typeName>
            <gco:LocalName>UAC10.shp</gco:LocalName>
         </gfc:typeName>
         <gfc:definition>
            <gco:CharacterString>2010 Census Urban Area National Shapefile</gco:CharacterString>
         </gfc:definition>
         <gfc:isAbstract>
            <gco:Boolean>false</gco:Boolean>
         </gfc:isAbstract>
         <gfc:featureCatalogue uuidref="tl_2021_us_uac10.ea.iso.xml"/>
         <gfc:carrierOfCharacteristics>
            <gfc:FC_FeatureAttribute>
               <gfc:memberName>
                  <gco:LocalName>UACE10</gco:LocalName>
               </gfc:memberName>
               <gfc:definition>
                  <gco:CharacterString>2010 Census urban area code</gco:CharacterString>
               </gfc:definition>
               <gfc:cardinality>
                  <gco:Multiplicity>
                     <gco:range>
                        <gco:MultiplicityRange>
                           <gco:lower>
                              <gco:Integer>00001</gco:Integer>
                           </gco:lower>
                           <gco:upper>
                              <gco:UnlimitedInteger>98999</gco:UnlimitedInteger>
                           </gco:upper>
                        </gco:MultiplicityRange>
                     </gco:range>
                  </gco:Multiplicity>
               </gfc:cardinality>
               <gfc:definitionReference xlink:title="U.S Census Bureau"
                                        xlink:href="http://www.ngdc.noaa.gov/docucomp/eb139e38-ee29-4d59-b157-5e874d4420c4"/>
            </gfc:FC_FeatureAttribute>
         </gfc:carrierOfCharacteristics>
         <gfc:carrierOfCharacteristics>
            <gfc:FC_FeatureAttribute>
               <gfc:memberName>
                  <gco:LocalName>GEOID10</gco:LocalName>
               </gfc:memberName>
               <gfc:definition>
                  <gco:CharacterString>
          Urban area identifier, a concatenation of Current state Federal Information Processing
          Series (FIPS) code and urban area code
        </gco:CharacterString>
               </gfc:definition>
               <gfc:cardinality gco:nilReason="unknown"/>
               <gfc:definitionReference xlink:title="U.S Census Bureau"
                                        xlink:href="http://www.ngdc.noaa.gov/docucomp/eb139e38-ee29-4d59-b157-5e874d4420c4"/>
               <gfc:listedValue>
                  <gfc:FC_ListedValue>
                     <gfc:label gco:nilReason="inapplicable"/>
                     <gfc:definition>
                        <gco:CharacterString>
            The GEOID10 attribute is a concatenation of the state FIPS code followed by the urban
            area code. No spaces are allowed between the two codes. The State FIPS code is taken
            from "National Standard Codes (ANSI INCITS 38-2009), Federal Information Processing
            Series(FIPS) - States". The urban area code code is taken from the
            "UACE10" attribute.
          </gco:CharacterString>
                     </gfc:definition>
                  </gfc:FC_ListedValue>
               </gfc:listedValue>
            </gfc:FC_FeatureAttribute>
         </gfc:carrierOfCharacteristics>
         <gfc:carrierOfCharacteristics>
            <gfc:FC_FeatureAttribute>
               <gfc:memberName>
                  <gco:LocalName>NAME10</gco:LocalName>
               </gfc:memberName>
               <gfc:definition>
                  <gco:CharacterString>2010 Census urban area name</gco:CharacterString>
               </gfc:definition>
               <gfc:cardinality gco:nilReason="unknown"/>
               <gfc:definitionReference xlink:title="U.S Census Bureau"
                                        xlink:href="http://www.ngdc.noaa.gov/docucomp/eb139e38-ee29-4d59-b157-5e874d4420c4"/>
               <gfc:listedValue>
                  <gfc:FC_ListedValue>
                     <gfc:label gco:nilReason="inapplicable"/>
                     <gfc:definition>
                        <gco:CharacterString>
            Values for this attribute are composed of a set of Census urban area names. As such,
            they do not exist in a known, predefined set.
          </gco:CharacterString>
                     </gfc:definition>
                  </gfc:FC_ListedValue>
               </gfc:listedValue>
            </gfc:FC_FeatureAttribute>
         </gfc:carrierOfCharacteristics>
         <gfc:carrierOfCharacteristics>
            <gfc:FC_FeatureAttribute>
               <gfc:memberName>
                  <gco:LocalName>NAMELSAD10</gco:LocalName>
               </gfc:memberName>
               <gfc:definition>
                  <gco:CharacterString>
          2010 Census name and the translated legal/statistical area description for urban area
        </gco:CharacterString>
               </gfc:definition>
               <gfc:cardinality gco:nilReason="unknown"/>
               <gfc:definitionReference xlink:title="U.S Census Bureau"
                                        xlink:href="http://www.ngdc.noaa.gov/docucomp/eb139e38-ee29-4d59-b157-5e874d4420c4"/>
               <gfc:listedValue>
                  <gfc:FC_ListedValue>
                     <gfc:label gco:nilReason="inapplicable"/>
                     <gfc:definition>
                        <gco:CharacterString>
            Refer to the name in the 'NAME' field and the translated legal/statistical area
            description code for urban areas
          </gco:CharacterString>
                     </gfc:definition>
                  </gfc:FC_ListedValue>
               </gfc:listedValue>
            </gfc:FC_FeatureAttribute>
         </gfc:carrierOfCharacteristics>
         <gfc:carrierOfCharacteristics>
            <gfc:FC_FeatureAttribute>
               <gfc:memberName>
                  <gco:LocalName>LSAD10</gco:LocalName>
               </gfc:memberName>
               <gfc:definition>
                  <gco:CharacterString>2010 Census legal/statistical area description code for urban area</gco:CharacterString>
               </gfc:definition>
               <gfc:cardinality gco:nilReason="unknown"/>
               <gfc:definitionReference xlink:title="U.S Census Bureau"
                                        xlink:href="http://www.ngdc.noaa.gov/docucomp/eb139e38-ee29-4d59-b157-5e874d4420c4"/>
               <gfc:listedValue>
                  <gfc:FC_ListedValue>
                     <gfc:label>
                        <gco:CharacterString>75</gco:CharacterString>
                     </gfc:label>
                     <gfc:definition>
                        <gco:CharacterString>Urbanized Area</gco:CharacterString>
                     </gfc:definition>
                     <gfc:definitionReference xlink:title="U.S Census Bureau"
                                              xlink:href="http://www.ngdc.noaa.gov/docucomp/eb139e38-ee29-4d59-b157-5e874d4420c4"/>
                  </gfc:FC_ListedValue>
               </gfc:listedValue>
               <gfc:listedValue>
                  <gfc:FC_ListedValue>
                     <gfc:label>
                        <gco:CharacterString>76</gco:CharacterString>
                     </gfc:label>
                     <gfc:definition>
                        <gco:CharacterString>Urban Cluster</gco:CharacterString>
                     </gfc:definition>
                     <gfc:definitionReference xlink:title="U.S Census Bureau"
                                              xlink:href="http://www.ngdc.noaa.gov/docucomp/eb139e38-ee29-4d59-b157-5e874d4420c4"/>
                  </gfc:FC_ListedValue>
               </gfc:listedValue>
            </gfc:FC_FeatureAttribute>
         </gfc:carrierOfCharacteristics>
         <gfc:carrierOfCharacteristics>
            <gfc:FC_FeatureAttribute>
               <gfc:memberName>
                  <gco:LocalName>MTFCC10</gco:LocalName>
               </gfc:memberName>
               <gfc:definition>
                  <gco:CharacterString>MAF/TIGER feature class code</gco:CharacterString>
               </gfc:definition>
               <gfc:cardinality gco:nilReason="unknown"/>
               <gfc:definitionReference xlink:title="U.S Census Bureau"
                                        xlink:href="http://www.ngdc.noaa.gov/docucomp/eb139e38-ee29-4d59-b157-5e874d4420c4"/>
               <gfc:listedValue>
                  <gfc:FC_ListedValue>
                     <gfc:label>
                        <gco:CharacterString>G3500</gco:CharacterString>
                     </gfc:label>
                     <gfc:definition>
                        <gco:CharacterString>Urban Area</gco:CharacterString>
                     </gfc:definition>
                     <gfc:definitionReference xlink:title="U.S Census Bureau"
                                              xlink:href="http://www.ngdc.noaa.gov/docucomp/eb139e38-ee29-4d59-b157-5e874d4420c4"/>
                  </gfc:FC_ListedValue>
               </gfc:listedValue>
            </gfc:FC_FeatureAttribute>
         </gfc:carrierOfCharacteristics>
         <gfc:carrierOfCharacteristics>
            <gfc:FC_FeatureAttribute>
               <gfc:memberName>
                  <gco:LocalName>UATYP10</gco:LocalName>
               </gfc:memberName>
               <gfc:definition>
                  <gco:CharacterString>2010 Census urban area type</gco:CharacterString>
               </gfc:definition>
               <gfc:cardinality gco:nilReason="unknown"/>
               <gfc:definitionReference xlink:title="U.S Census Bureau"
                                        xlink:href="http://www.ngdc.noaa.gov/docucomp/eb139e38-ee29-4d59-b157-5e874d4420c4"/>
               <gfc:listedValue>
                  <gfc:FC_ListedValue>
                     <gfc:label>
                        <gco:CharacterString>U</gco:CharacterString>
                     </gfc:label>
                     <gfc:definition>
                        <gco:CharacterString>Urbanized Area (suffix)</gco:CharacterString>
                     </gfc:definition>
                     <gfc:definitionReference xlink:title="U.S Census Bureau"
                                              xlink:href="http://www.ngdc.noaa.gov/docucomp/eb139e38-ee29-4d59-b157-5e874d4420c4"/>
                  </gfc:FC_ListedValue>
               </gfc:listedValue>
               <gfc:listedValue>
                  <gfc:FC_ListedValue>
                     <gfc:label>
                        <gco:CharacterString>C</gco:CharacterString>
                     </gfc:label>
                     <gfc:definition>
                        <gco:CharacterString>Urban cluster (suffix)</gco:CharacterString>
                     </gfc:definition>
                     <gfc:definitionReference xlink:title="U.S Census Bureau"
                                              xlink:href="http://www.ngdc.noaa.gov/docucomp/eb139e38-ee29-4d59-b157-5e874d4420c4"/>
                  </gfc:FC_ListedValue>
               </gfc:listedValue>
            </gfc:FC_FeatureAttribute>
         </gfc:carrierOfCharacteristics>
         <gfc:carrierOfCharacteristics>
            <gfc:FC_FeatureAttribute>
               <gfc:memberName>
                  <gco:LocalName>FUNCSTAT10</gco:LocalName>
               </gfc:memberName>
               <gfc:definition>
                  <gco:CharacterString>2010 Census functional status</gco:CharacterString>
               </gfc:definition>
               <gfc:cardinality gco:nilReason="unknown"/>
               <gfc:definitionReference xlink:title="U.S Census Bureau"
                                        xlink:href="http://www.ngdc.noaa.gov/docucomp/eb139e38-ee29-4d59-b157-5e874d4420c4"/>
               <gfc:listedValue>
                  <gfc:FC_ListedValue>
                     <gfc:label>
                        <gco:CharacterString>S</gco:CharacterString>
                     </gfc:label>
                     <gfc:definition>
                        <gco:CharacterString>Statistical entity</gco:CharacterString>
                     </gfc:definition>
                     <gfc:definitionReference xlink:title="U.S Census Bureau"
                                              xlink:href="http://www.ngdc.noaa.gov/docucomp/eb139e38-ee29-4d59-b157-5e874d4420c4"/>
                  </gfc:FC_ListedValue>
               </gfc:listedValue>
            </gfc:FC_FeatureAttribute>
         </gfc:carrierOfCharacteristics>
         <gfc:carrierOfCharacteristics>
            <gfc:FC_FeatureAttribute>
               <gfc:memberName>
                  <gco:LocalName>ALAND10</gco:LocalName>
               </gfc:memberName>
               <gfc:definition>
                  <gco:CharacterString>2010 Census land area (square meters)</gco:CharacterString>
               </gfc:definition>
               <gfc:cardinality>
                  <gco:Multiplicity>
                     <gco:range>
                        <gco:MultiplicityRange>
                           <gco:lower>
                              <gco:Integer>0</gco:Integer>
                           </gco:lower>
                           <gco:upper>
                              <gco:UnlimitedInteger>9999999</gco:UnlimitedInteger>
                           </gco:upper>
                        </gco:MultiplicityRange>
                     </gco:range>
                  </gco:Multiplicity>
               </gfc:cardinality>
               <gfc:definitionReference xlink:title="U.S Census Bureau"
                                        xlink:href="http://www.ngdc.noaa.gov/docucomp/eb139e38-ee29-4d59-b157-5e874d4420c4"/>
            </gfc:FC_FeatureAttribute>
         </gfc:carrierOfCharacteristics>
         <gfc:carrierOfCharacteristics>
            <gfc:FC_FeatureAttribute>
               <gfc:memberName>
                  <gco:LocalName>AWATER10</gco:LocalName>
               </gfc:memberName>
               <gfc:definition>
                  <gco:CharacterString>2010 Census water area (square meters)</gco:CharacterString>
               </gfc:definition>
               <gfc:cardinality>
                  <gco:Multiplicity>
                     <gco:range>
                        <gco:MultiplicityRange>
                           <gco:lower>
                              <gco:Integer>0</gco:Integer>
                           </gco:lower>
                           <gco:upper>
                              <gco:UnlimitedInteger>9999999</gco:UnlimitedInteger>
                           </gco:upper>
                        </gco:MultiplicityRange>
                     </gco:range>
                  </gco:Multiplicity>
               </gfc:cardinality>
               <gfc:definitionReference xlink:title="U.S Census Bureau"
                                        xlink:href="http://www.ngdc.noaa.gov/docucomp/eb139e38-ee29-4d59-b157-5e874d4420c4"/>
            </gfc:FC_FeatureAttribute>
         </gfc:carrierOfCharacteristics>
         <gfc:carrierOfCharacteristics>
            <gfc:FC_FeatureAttribute>
               <gfc:memberName>
                  <gco:LocalName>INTPTLAT10</gco:LocalName>
               </gfc:memberName>
               <gfc:definition>
                  <gco:CharacterString>2010 Census latitude of the internal point</gco:CharacterString>
               </gfc:definition>
               <gfc:cardinality>
                  <gco:Multiplicity>
                     <gco:range>
                        <gco:MultiplicityRange>
                           <gco:lower>
                              <gco:Integer>-90.000000</gco:Integer>
                           </gco:lower>
                           <gco:upper>
                              <gco:UnlimitedInteger>90.000000</gco:UnlimitedInteger>
                           </gco:upper>
                        </gco:MultiplicityRange>
                     </gco:range>
                  </gco:Multiplicity>
               </gfc:cardinality>
               <gfc:definitionReference xlink:title="U.S Census Bureau"
                                        xlink:href="http://www.ngdc.noaa.gov/docucomp/eb139e38-ee29-4d59-b157-5e874d4420c4"/>
            </gfc:FC_FeatureAttribute>
         </gfc:carrierOfCharacteristics>
         <gfc:carrierOfCharacteristics>
            <gfc:FC_FeatureAttribute>
               <gfc:memberName>
                  <gco:LocalName>INTPTLON10</gco:LocalName>
               </gfc:memberName>
               <gfc:definition>
                  <gco:CharacterString>2010 Census longitude of the internal point</gco:CharacterString>
               </gfc:definition>
               <gfc:cardinality>
                  <gco:Multiplicity>
                     <gco:range>
                        <gco:MultiplicityRange>
                           <gco:lower>
                              <gco:Integer>-180.000000</gco:Integer>
                           </gco:lower>
                           <gco:upper>
                              <gco:UnlimitedInteger>180.000000</gco:UnlimitedInteger>
                           </gco:upper>
                        </gco:MultiplicityRange>
                     </gco:range>
                  </gco:Multiplicity>
               </gfc:cardinality>
               <gfc:definitionReference xlink:title="U.S Census Bureau"
                                        xlink:href="http://www.ngdc.noaa.gov/docucomp/eb139e38-ee29-4d59-b157-5e874d4420c4"/>
            </gfc:FC_FeatureAttribute>
         </gfc:carrierOfCharacteristics>
      </gfc:FC_FeatureType>
   </gfc:featureType>
</gfc:FC_FeatureCatalogue>